{
  "version": 1,
  "author": "Anonymous maker",
  "editor": "wokwi",
  "parts": [
    { "type": "wokwi-breadboard", "id": "bb1", "top": 6.6, "left": -83.6, "attrs": {} },
    {
      "type": "board-esp32-devkit-c-v4",
      "id": "esp",
      "top": 171.14,
      "left": 310.9,
      "rotate": 90,
      "attrs": { "env": "micropython-20231227-v1.22.0" }
    },
    {
      "type": "wokwi-led",
      "id": "led1",
      "top": 255.6,
      "left": 42.6,
      "attrs": { "color": "red", "flip": "1" }
    },
    {
      "type": "wokwi-resistor",
      "id": "r1",
      "top": 147.95,
      "left": 326.4,
      "attrs": { "value": "1000" }
    },
    {
      "type": "wokwi-led",
      "id": "led2",
      "top": 303.6,
      "left": 13.8,
      "attrs": { "color": "yellow", "flip": "1" }
    },
    {
      "type": "wokwi-led",
      "id": "led3",
      "top": 380.4,
      "left": -5.4,
      "attrs": { "color": "limegreen", "flip": "1" }
    },
    {
      "type": "wokwi-resistor",
      "id": "r2",
      "top": 138.35,
      "left": 163.2,
      "attrs": { "value": "1000" }
    },
    {
      "type": "wokwi-resistor",
      "id": "r3",
      "top": 128.75,
      "left": 76.8,
      "attrs": { "value": "1000" }
    }
  ],
  "connections": [
    [ "esp:TX", "$serialMonitor:RX", "", [] ],
    [ "esp:RX", "$serialMonitor:TX", "", [] ],
    [ "led1:A", "r1:1", "red", [ "h-67.2", "v-153.6" ] ],
    [ "led1:C", "esp:GND.3", "red", [ "v86.4", "h268.4" ] ],
    [ "led2:C", "esp:GND.3", "gold", [ "v57.6", "h258.8", "v-67.2" ] ],
    [ "led3:C", "esp:GND.3", "green", [ "h278", "v-86.4" ] ],
    [ "r2:1", "led2:A", "gold", [ "h-134.4", "v220.8" ] ],
    [ "led3:A", "r3:1", "green", [ "h-57.6", "v-297.6" ] ],
    [ "r2:1", "bb1:24b.h", "", [ "$bb" ] ],
    [ "r2:2", "bb1:30b.h", "", [ "$bb" ] ],
    [ "r3:1", "bb1:15b.g", "", [ "$bb" ] ],
    [ "r3:2", "bb1:21b.g", "", [ "$bb" ] ],
    [ "r1:1", "bb1:41b.i", "", [ "$bb" ] ],
    [ "r1:2", "bb1:47b.i", "", [ "$bb" ] ],
    [ "r1:2", "esp:18", "red", [ "v0" ] ],
    [ "r2:2", "esp:5", "yellow", [ "v0" ] ],
    [ "r3:2", "esp:15", "green", [ "v144", "h56.4" ] ]
  ],
  "dependencies": {}
}